Workbook

Sheet Resumen
A1: Product Backlog — Resumen
A2: Las cifras son fórmulas sobre la hoja Historias.
A4: Estado | B4: Historias | C4: Puntos
A5: Terminada | B5: =COUNTIF(Historias!$G$5:$G$47,A5) -> 32 | C5: =SUMIF(Historias!$G$5:$G$47,A5,Historias!$D$5:$D$47) -> 195
A6: En curso | B6: =COUNTIF(Historias!$G$5:$G$47,A6) -> 2 | C6: =SUMIF(Historias!$G$5:$G$47,A6,Historias!$D$5:$D$47) -> 8
A7: No iniciada | B7: =COUNTIF(Historias!$G$5:$G$47,A7) -> 6 | C7: =SUMIF(Historias!$G$5:$G$47,A7,Historias!$D$5:$D$47) -> 21
A8: Alcance comprometido | B8: =SUM(B5:B7) -> 40 | C8: =SUM(C5:C7) -> 224
A9: Fuera del compromiso | B9: =COUNTIF(Historias!$G$5:$G$47,A9) -> 3 | C9: =SUMIF(Historias!$G$5:$G$47,A9,Historias!$D$5:$D$47) -> 16
A10: Total del backlog | B10: =B8+B9 -> 43 | C10: =C8+C9 -> 240
A11: Avance del alcance comprometido | C11: =C5/C8 -> 0.87053571
A13: Épica | B13: Comprometidos | C13: Terminados | D13: Avance | E13: Emergentes (pts)
A14: E1 · Núcleo de procesamiento geoespacial | B14: =SUMIFS(Historias!$D$5:$D$47,Historias!$B$5:$B$47,"E1",Historias!$G$5:$G$47,"<>Fuera del compromiso") -> 42 | C14: =SUMIFS(Historias!$D$5:$D$47,Historias!$B$5:$B$47,"E1",Historias!$G$5:$G$47,"Terminada") -> 42 | D14: =IF(B14=0,"Fuera del compromiso",C14/B14) -> 1 | E14: =SUMIFS(Historias!$D$5:$D$47,Historias!$B$5:$B$47,"E1",Historias!$H$5:$H$47,"Emergente") -> 8
A15: E2 · Datos de inversión pública | B15: =SUMIFS(Historias!$D$5:$D$47,Historias!$B$5:$B$47,"E2",Historias!$G$5:$G$47,"<>Fuera del compromiso") -> 26 | C15: =SUMIFS(Historias!$D$5:$D$47,Historias!$B$5:$B$47,"E2",Historias!$G$5:$G$47,"Terminada") -> 26 | D15: =IF(B15=0,"Fuera del compromiso",C15/B15) -> 1 | E15: =SUMIFS(Historias!$D$5:$D$47,Historias!$B$5:$B$47,"E2",Historias!$H$5:$H$47,"Emergente") -> 8
A16: E3 · Módulo 1 · Erosión y pertinencia | B16: =SUMIFS(Historias!$D$5:$D$47,Historias!$B$5:$B$47,"E3",Historias!$G$5:$G$47,"<>Fuera del compromiso") -> 39 | C16: =SUMIFS(Historias!$D$5:$D$47,Historias!$B$5:$B$47,"E3",Historias!$G$5:$G$47,"Terminada") -> 39 | D16: =IF(B16=0,"Fuera del compromiso",C16/B16) -> 1 | E16: =SUMIFS(Historias!$D$5:$D$47,Historias!$B$5:$B$47,"E3",Historias!$H$5:$H$47,"Emergente") -> 5
A17: E4 · Módulo 2 · Susceptibilidad a inundación | B17: =SUMIFS(Historias!$D$5:$D$47,Historias!$B$5:$B$47,"E4",Historias!$G$5:$G$47,"<>Fuera del compromiso") -> 26 | C17: =SUMIFS(Historias!$D$5:$D$47,Historias!$B$5:$B$47,"E4",Historias!$G$5:$G$47,"Terminada") -> 26 | D17: =IF(B17=0,"Fuera del compromiso",C17/B17) -> 1 | E17: =SUMIFS(Historias!$D$5:$D$47,Historias!$B$5:$B$47,"E4",Historias!$H$5:$H$47,"Emergente") -> 8
A18: E5 · Módulo 3 · Térmico y áreas verdes | B18: =SUMIFS(Historias!$D$5:$D$47,Historias!$B$5:$B$47,"E5",Historias!$G$5:$G$47,"<>Fuera del compromiso") -> 16 | C18: =SUMIFS(Historias!$D$5:$D$47,Historias!$B$5:$B$47,"E5",Historias!$G$5:$G$47,"Terminada") -> 16 | D18: =IF(B18=0,"Fuera del compromiso",C18/B18) -> 1 | E18: =SUMIFS(Historias!$D$5:$D$47,Historias!$B$5:$B$47,"E5",Historias!$H$5:$H$47,"Emergente") -> 0
A19: E6 · Presentación y experiencia de usuario | B19: =SUMIFS(Historias!$D$5:$D$47,Historias!$B$5:$B$47,"E6",Historias!$G$5:$G$47,"<>Fuera del compromiso") -> 44 | C19: =SUMIFS(Historias!$D$5:$D$47,Historias!$B$5:$B$47,"E6",Historias!$G$5:$G$47,"Terminada") -> 41 | D19: =IF(B19=0,"Fuera del compromiso",C19/B19) -> 0.93181818 | E19: =SUMIFS(Historias!$D$5:$D$47,Historias!$B$5:$B$47,"E6",Historias!$H$5:$H$47,"Emergente") -> 18
A20: E7 · Modelado predictivo | B20: =SUMIFS(Historias!$D$5:$D$47,Historias!$B$5:$B$47,"E7",Historias!$G$5:$G$47,"<>Fuera del compromiso") -> 0 | C20: =SUMIFS(Historias!$D$5:$D$47,Historias!$B$5:$B$47,"E7",Historias!$G$5:$G$47,"Terminada") -> 0 | D20: =IF(B20=0,"Fuera del compromiso",C20/B20) -> Fuera del compromiso | E20: =SUMIFS(Historias!$D$5:$D$47,Historias!$B$5:$B$47,"E7",Historias!$H$5:$H$47,"Emergente") -> 0
A21: E8 · Calidad, despliegue y cierre | B21: =SUMIFS(Historias!$D$5:$D$47,Historias!$B$5:$B$47,"E8",Historias!$G$5:$G$47,"<>Fuera del compromiso") -> 31 | C21: =SUMIFS(Historias!$D$5:$D$47,Historias!$B$5:$B$47,"E8",Historias!$G$5:$G$47,"Terminada") -> 5 | D21: =IF(B21=0,"Fuera del compromiso",C21/B21) -> 0.16129032 | E21: =SUMIFS(Historias!$D$5:$D$47,Historias!$B$5:$B$47,"E8",Historias!$H$5:$H$47,"Emergente") -> 13
A23: Notas
A24: • Las historias emergentes (HU-32 a HU-43) se incorporaron el 05-10; sus puntos se estimaron a posteriori y deben confirmarse en el refinamiento.
A25: • HU-07 se redefinió: la validación se hizo contra la entrega oficial de INDAP (30.313 planes) en vez de ODEPA. Confirmar con la docente.
A26: • HU-17, HU-18 y HU-19 cambiaron de fuente sin cambiar de objetivo (DesInventar, ECOSTRESS, zona censal).
A27: • E7 (modelado predictivo) sigue fuera del compromiso desde el 07-09; su reincorporación es decisión del Product Owner.

Sheet Historias
A1: Product Backlog — TerraFoco
A2: Corte 05-10-2026, verificado contra la rama main (commit b964de9). Edita solo la columna Estado: el resumen se recalcula.
A4: ID | B4: Épica | C4: Historia de usuario | D4: Pts | E4: Prioridad | F4: Sprint | G4: Estado | H4: Origen | I4: Evidencia en el repositorio
A5: HU-01 | B5: E1 | C5: Como administrador de datos, quiero un modelo de datos espacial en PostGIS, para almacenar información raster y vectorial con versionado temporal | D5: 8 | E5: Must | F5: Sprint 0 | G5: Terminada | H5: Fase 1 | I5: bd/esquema.sql y 19 migraciones numeradas en bd/migraciones/
A6: HU-02 | B6: E1 | C6: Como administrador de datos, quiero descargar automáticamente imágenes Sentinel-2 del área de interés, para no tener que hacerlo a mano cada vez | D6: 8 | E6: Must | F6: Sprint 0 | G6: Terminada | H6: Fase 1 | I6: motor/ingesta/sentinel.py (composición mensual sin nubes)
A7: HU-03 | B7: E1 | C7: Como administrador de datos, quiero descargar el modelo de elevación SRTM del área, para derivar las variables topográficas | D7: 5 | E7: Must | F7: Sprint 0 | G7: Terminada | H7: Fase 1 | I7: motor/ingesta/srtm.py
A8: HU-04 | B8: E1 | C8: Como administrador de datos, quiero que los insumos se reproyecten y recorten automáticamente, para trabajar con un sistema de referencia y una extensión homogéneos | D8: 8 | E8: Must | F8: Sprint 1 | G8: Terminada | H8: Fase 1 | I8: motor/ingesta/zonal.py; test_zonal.py (rechaza rásteres en grados)
A9: HU-05 | B9: E1 | C9: Como administrador de datos, quiero consultar la bitácora de ejecuciones, para saber qué procesos corrieron y con qué resultado | D9: 5 | E9: Should | F9: Sprint 1 | G9: Terminada | H9: Fase 1 | I9: motor/estado.py, operacion.ejecucion_proceso; migración 005
A10: HU-06 | B10: E2 | C10: Como administrador de datos, quiero consolidar las planillas mensuales de Transparencia Activa en una tabla única, para poder analizarlas por comuna y año | D10: 8 | E10: Must | F10: Sprint 1 | G10: Terminada | H10: Fase 1 | I10: motor/ingesta/sirsd_ide.py; test_sirsd.py; tabla de rechazos
A11: HU-07 | B11: E2 | C11: Como administrador de datos, quiero validar los montos de ejecución contra una fuente oficial, para detectar errores de carga (redefinida: entrega oficial de INDAP en vez de ODEPA) | D11: 5 | E11: Should | F11: Sprint 2 | G11: Terminada | H11: Fase 1 | I11: Redefinida: se validó contra la entrega oficial de INDAP (30.313 planes) en vez de ODEPA. 423/425 celdas coinciden; diferencia de incentivo 0,002 %. docs/17-serie-sirsd.md, herramientas/agregar_entrega_indap.py
A12: HU-08 | B12: E2 | C12: Como Product Owner, quiero gestionar con INDAP la serie histórica de ejecución del SIRSD-S, para obtener superficie bonificada, incentivo y tipo de práctica por año | D12: 5 | E12: Must | F12: Sprint 2 | G12: Terminada | H12: Fase 1 | I12: Serie 2012–2025 obtenida y cargada: bd/semillas/sirsd_serie_definitiva_2012_2025.csv; docs/11 y docs/17
A13: HU-09 | B13: E3 | C13: Como analista, quiero que el sistema calcule el NDVI desde Sentinel-2, para derivar el factor de cobertura vegetal | D13: 5 | E13: Must | F13: Sprint 1 | G13: Terminada | H13: Fase 1 | I13: motor/ingesta/sentinel.py; test_factores.py
A14: HU-10 | B14: E3 | C14: Como analista, quiero que el sistema derive pendiente y longitud desde el SRTM, para obtener el factor topográfico | D14: 5 | E14: Must | F14: Sprint 1 | G14: Terminada | H14: Fase 1 | I14: motor/indicadores/terreno.py; test_terreno.py
A15: HU-11 | B15: E3 | C15: Como analista, quiero obtener la erosión estimada por comuna aplicando RUSLE, para conocer el estado actual del territorio | D15: 8 | E15: Must | F15: Sprint 1 | G15: Terminada | H15: Fase 1 | I15: motor/indicadores/rusle.py, motor/calcular.py; test_rusle.py
A16: HU-12 | B16: E3 | C16: Como analista, quiero comparar la erosión estimada con la línea base de CIREN, para saber si la situación mejoró o empeoró | D16: 5 | E16: Must | F16: Sprint 1 | G16: Terminada | H16: Fase 1 | I16: motor/ingesta/ciren.py, motor/validar.py; migraciones 003 y 004 (en_dominio)
... A47: HU-43 | B47: E8 | C47: Como equipo, queremos que las pruebas corran solas en cada push, para detectar regresiones antes de que lleguen a main | D47: 3 | E47: Should | F47: Sprint 3 | G47: No iniciada | H47: Emergente | I47: No hay .github/workflows. Era la tarea 8 del Sprint 0 (docs/07)

Sheet Criterios pendientes
A1: Criterios de aceptación de las historias pendientes
A3: ID | B3: Historia | C3: Criterio de aceptación
A4: HU-24 | B4: Interfaz comprensible sin capacitación previa | C4: Un usuario sin experiencia previa completa las tres tareas del plan de usabilidad (docs/16) sin ayuda
A5: HU-24 | B5: Interfaz comprensible sin capacitación previa | C5: Ningún término técnico aparece sin explicación accesible (glosario de ayuda.html)
A6: HU-24 | B6: Interfaz comprensible sin capacitación previa | C6: Toda cifra mostrada indica su unidad de medida
A7: HU-28 | B7: Plan de pruebas | C7: Casos de prueba por requerimiento funcional (RF-01 a RF-31): entrada, resultado esperado y obtenido
A8: HU-28 | B8: Plan de pruebas | C8: Cada caso enlaza la prueba automatizada que lo cubre, o declara que es manual
A9: HU-28 | B9: Plan de pruebas | C9: Incluye pruebas de extremo a extremo: base cargada → API → visor
A10: HU-30 | B10: Prueba de usabilidad con la contraparte | C10: Al menos tres personas que no son del equipo ni de la carrera, idealmente de INDAP
A11: HU-30 | B11: Prueba de usabilidad con la contraparte | C11: Se registran tareas, tiempos, errores y comentarios textuales
A12: HU-30 | B12: Prueba de usabilidad con la contraparte | C12: Los hallazgos entran al backlog como historias o defectos
A13: HU-31 | B13: Trazabilidad CRISP-DM | C13: Un documento que recorre las seis fases para cada indicador, enlazando módulos y validaciones
A14: HU-38 | B14: Despliegue público | C14: El visor y la API responden en una URL con HTTPS
... A22: HU-43 | B22: Integración continua | C22: Un push con una prueba fallida queda marcado en rojo
